Country.Name,Indicator.Code,2000,2001,2002,2003,2004,2005,2006,2007,2008,2009,2010,2011,2012,2013,2014,2015,2016,2017,2018,2019,2020,G20,Income.Group,Indicator.Name
Argentina,EN.ATM.CO2E.KT,132268.3,125258.1,117465,127656,141375.9,145992,154903.7,162806.1,167225.2,156566.2,167225,176638.1,177960,183250.4,179598.2,185547.3,183158.1,179323.9,176895.3,168095.3,NA,Argentina,Upper middle income,CO2 emissions (kt)
Argentina,NY.GDP.MKTP.KD.ZG,-0.788998939,-4.408839683,-10.89448483,8.837040796,9.029573301,8.85165992,8.0471515,9.007650875,4.057233103,-5.918525076,10.12539816,6.003951693,-1.026420454,2.405323781,-2.512615321,2.731159828,-2.080327844,2.818502978,-2.617396463,-2.000861003,-9.943235134,Argentina,Upper middle income,GDP growth (annual %)
Argentina,FP.CPI.TOTL.ZG,NA,NA,NA,NA,NA,NA,NA,NA,NA,NA,NA,NA,NA,NA,NA,NA,NA,NA,NA,NA,NA,Argentina,Upper middle income,"Inflation, consumer prices (annual %)"
Argentina,SP.POP.TOTL,37070774,37480493,37885028,38278164,38668796,39070501,39476851,39876111,40273769,40684338,40788453,41261490,41733271,42202935,42669500,43131966,43590368,44044811,44494502,44938712,45376763,Argentina,Upper middle income,"Population, total"
Argentina,SL.UEM.TOTL.ZS,15,17.32,19.59,15.36,13.52,11.51,10.08,8.47,7.84,8.65,7.71,7.18,7.22,7.1,7.27,7.524,8.109,8.35,9.22,9.84,11.46,Argentina,Upper middle income,"Unemployment, total (% of total labor force) (modeled ILO estimate)"
Australia,EN.ATM.CO2E.KT,339446.6,345645,353371.3,352581.1,365808,370090.6,375489.1,385746.1,388935.6,395289.3,387536.3,386375.3,386965.7,380278.3,371633.6,377795.2,384991.7,389163.3,387066.7,386526.6,NA,Australia,High income,CO2 emissions (kt)
Australia,NY.GDP.MKTP.KD.ZG,3.901171371,2.041417338,3.993589865,3.111398208,4.216633273,3.15375271,2.740635704,3.777916783,3.568270032,1.870486961,2.20656631,2.391385132,3.902007806,2.578754288,2.579017112,2.152735906,2.730547992,2.282183642,2.883045123,2.171396224,-0.050885336,Australia,High income,GDP growth (annual %)
Australia,FP.CPI.TOTL.ZG,4.457435148,4.407135362,2.981574539,2.732595966,2.343255225,2.691831683,3.555287737,2.327611289,4.35029855,1.771117166,2.918340027,3.303850156,1.762780156,2.449888641,2.487922705,1.508366722,1.276990945,1.948647409,1.911400944,1.610767873,0.846905537,Australia,High income,"Inflation, consumer prices (annual %)"
Australia,SP.POP.TOTL,19028802,19274701,19495210,19720737,19932722,20176844,20450966,20827622,21249199,21691653,22031750,22340024,22733465,23128129,23475686,23815995,24190907,24594202,24966643,25340217,25655289,Australia,High income,"Population, total"
Australia,SL.UEM.TOTL.ZS,6.28,6.74,6.37,5.93,5.39,5.03,4.78,4.38,4.23,5.56,5.21,5.08,5.22,5.66,6.08,6.05,5.71,5.59,5.3,5.16,6.46,Australia,High income,"Unemployment, total (% of total labor force) (modeled ILO estimate)"
Austria,EN.ATM.CO2E.KT,63532.3,67911.3,69367.9,74461.6,75795.8,76236.6,74099.3,71242.5,70729.7,64416.3,69960,68271.5,65107.1,65747,62048.9,63238.3,63684.5,65856.3,63061.9,64766.3,NA,European Union,High income,CO2 emissions (kt)
Austria,NY.GDP.MKTP.KD.ZG,3.375722147,1.267168189,1.651553922,0.941470921,2.735120222,2.244065325,3.454041836,3.727415301,1.460423676,-3.764578178,1.837093677,2.922797284,0.680445577,0.025504712,0.661272849,1.014501586,1.989437162,2.258572433,2.425385361,1.517388583,-6.453968467,European Union,High income,GDP growth (annual %)
Austria,FP.CPI.TOTL.ZG,2.344862854,2.650000773,1.810357878,1.355553709,2.06120618,2.299137856,1.441548511,2.168555288,3.215950332,0.506308828,1.81353439,3.286579149,2.485675622,2.000156169,1.60581183,0.896563335,0.891591753,2.081269114,1.998379814,1.530895642,1.381910634,European Union,High income,"Inflation, consumer prices (annual %)"
Austria,SP.POP.TOTL,8011566,8042293,8081957,8121423,8171966,8227829,8268641,8295487,8321496,8343323,8363404,8391643,8429991,8479823,8546356,8642699,8736668,8797566,8840521,8879920,8916864,European Union,High income,"Population, total"
Austria,SL.UEM.TOTL.ZS,4.69,4.01,4.85,4.78,5.83,5.63,5.24,4.86,4.13,5.3,4.82,4.56,4.87,5.34,5.62,5.72,6.01,5.5,4.85,4.49,5.36,European Union,High income,"Unemployment, total (% of total labor force) (modeled ILO estimate)"
Belgium,EN.ATM.CO2E.KT,117274.6,118339.8,110850.2,115502.1,114022.7,110610.8,108645.6,104587.3,106934.1,99666.1,106722.3,96482.2,95270,96586.3,90137.3,95131.8,94222.7,92723.8,93660.3,93008.5,NA,European Union,High income,CO2 emissions (kt)
Belgium,NY.GDP.MKTP.KD.ZG,3.716679384,1.099618888,1.706884585,1.037982549,3.571204343,2.321737054,2.552349944,3.676881136,0.446928735,-2.020743062,2.864292708,1.694513899,0.739217283,0.459242193,1.578533143,2.041459009,1.266686409,1.619580278,1.792945193,2.24085824,-5.361386633,European Union,High income,GDP growth (annual %)
Belgium,FP.CPI.TOTL.ZG,2.544517762,2.469258231,1.645214362,1.588964,2.097283112,2.781432637,1.791207701,1.8230563,4.489444205,-0.053145674,2.189299204,3.532082107,2.839663434,1.11309594,0.340002833,0.561429153,1.973852647,2.12597086,2.053164999,1.43681957,0.740791812,European Union,High income,"Inflation, consumer prices (annual %)"
Belgium,SP.POP.TOTL,10251250,10286570,10332785,10376133,10421137,10478617,10547958,10625700,10709973,10796493,10895586,11038264,11106932,11159407,11209057,11274196,11331422,11375158,11427054,11488980,11538604,European Union,High income,"Population, total"
Belgium,SL.UEM.TOTL.ZS,6.59,6.18,6.91,7.68,7.36,8.44,8.25,7.46,6.98,7.91,8.29,7.14,7.54,8.43,8.52,8.48,7.83,7.09,5.95,5.36,5.55,European Union,High income,"Unemployment, total (% of total labor force) (modeled ILO estimate)"
Brazil,EN.ATM.CO2E.KT,313670.7,319375.6,317756.4,310808,328517.3,331689,335624.5,352555.8,373633,350000.8,397931,418305.3,454232.8,486844.6,511617.9,485344,447077.2,456494.7,433988.8,434297.9,NA,Brazil,Upper middle income,CO2 emissions (kt)
Brazil,NY.GDP.MKTP.KD.ZG,4.387949447,1.389896401,3.053461859,1.140828998,5.759964637,3.202132061,3.961988711,6.069870607,5.094195447,-0.125812002,7.528225818,3.974423079,1.921175986,3.004822669,0.50395574,-3.545763393,-3.275916908,1.322869054,1.783666762,1.220777824,-3.878676334,Brazil,Upper middle income,GDP growth (annual %)
Brazil,FP.CPI.TOTL.ZG,7.044141059,6.840359025,8.450164377,14.71491972,6.5971851,6.869537209,4.183568129,3.641272991,5.678593903,4.888034799,5.038726901,6.636449622,5.40349914,6.204310666,6.329040155,9.029901024,8.739143523,3.44637335,3.664850284,3.732976212,3.211768038,Brazil,Upper middle income,"Inflation, consumer prices (annual %)"
Brazil,SP.POP.TOTL,175873720,178211881,180476685,182629278,184722043,186797334,188820682,190779453,192672317,194517549,196353492,198185302,199977707,201721767,203459650,205188205,206859578,208504960,210166592,211782878,213196304,Brazil,Upper middle income,"Population, total"
Brazil,SL.UEM.TOTL.ZS,10.53,10.65,10.64,11.17,10.07,10.55,9.69,9.28,8.27,9.42,8.034,7.58,7.25,7.07,6.76,8.56,11.74,12.93,12.46,12.05,13.93,Brazil,Upper middle income,"Unemployment, total (% of total labor force) (modeled ILO estimate)"
Bulgaria,EN.ATM.CO2E.KT,43421.1,46185.6,43599.9,47933.3,47265.7,47985.6,48954.8,52598.7,50039.3,42907.8,44740.6,49637.6,45023.1,39660.7,42054.4,44556.5,41586.7,43884.8,40898.2,39143.1,NA,European Union,Upper middle income,CO2 emissions (kt)
Bulgaria,NY.GDP.MKTP.KD.ZG,4.587224782,3.823703363,5.871931433,5.237155215,6.510425341,7.05634894,6.802589226,6.654386825,6.129559704,-3.347142095,1.541801443,2.10120575,0.754930386,-0.560493966,0.966869032,3.428054914,3.039825276,2.76217096,2.684760587,4.038142206,-3.958614598,European Union,Upper middle income,GDP growth (annual %)
Bulgaria,FP.CPI.TOTL.ZG,10.31626213,7.360939272,5.810143657,2.348641696,6.147130742,5.038838071,7.261594628,8.40253419,12.3487196,2.753202239,2.438990605,4.219903466,2.954568298,0.890093541,-1.418183803,-0.104633261,-0.798649886,2.061596194,2.814544738,3.103729448,1.672440969,European Union,Upper middle income,"Inflation, consumer prices (annual %)"
Bulgaria,SP.POP.TOTL,8170172,8009142,7837161,7775327,7716860,7658972,7601022,7545338,7492561,7444443,7395599,7348328,7305888,7265115,7223938,7177991,7127822,7075947,7025037,6975761,6934015,European Union,Upper middle income,"Population, total"
Bulgaria,SL.UEM.TOTL.ZS,16.22,19.92,18.11,13.73,12.04,10.08,8.95,6.88,5.61,6.82,10.28,11.26,12.27,12.94,11.42,9.14,7.57,6.16,5.21,4.23,5.12,European Union,Upper middle income,"Unemployment, total (% of total labor force) (modeled ILO estimate)"
Canada,EN.ATM.CO2E.KT,514215.2,506616,524353.5,544541.9,536417.4,549032.8,540525.7,571632.2,550469.8,521316,537008.2,549286.5,546208.1,555658.9,561677,558700.8,556827.6,568082.4,580088,580212.8,NA,Canada,High income,CO2 emissions (kt)
Canada,NY.GDP.MKTP.KD.ZG,5.177635668,1.78997288,3.018050512,1.801518136,3.086980809,3.204200428,2.634303814,2.069409888,1.007622695,-2.928400167,3.08949462,3.146881372,1.762222549,2.329122506,2.870036075,0.659176864,1.001394414,3.039880225,2.777040554,1.879592028,-5.233024303,Canada,High income,GDP growth (annual %)
Canada,FP.CPI.TOTL.ZG,2.719439957,2.52512014,2.258394409,2.758563214,1.857258719,2.213552034,2.002025395,2.138383993,2.370270674,0.299466803,1.776871541,2.912135089,1.515678231,0.938291898,1.906635907,1.125241361,1.428759547,1.596884129,2.268225672,1.949269024,0.716999632,Canada,High income,"Inflation, consumer prices (annual %)"
Canada,SP.POP.TOTL,30685730,31020902,31360079,31644028,31940655,32243753,32571174,32889025,33247118,33628895,34004889,34339328,34714222,35082954,35437435,35702908,36109487,36545236,37065084,37601230,38037204,Canada,High income,"Population, total"
Canada,SL.UEM.TOTL.ZS,6.83,7.22,7.66,7.57,7.19,6.76,6.32,6.04,6.14,8.34,8.06,7.51,7.29,7.07,6.91,6.91,7,6.34,5.83,5.66,9.46,Canada,High income,"Unemployment, total (% of total labor force) (modeled ILO estimate)"
China,EN.ATM.CO2E.KT,3346526,3529081,3810057,4415913,5124817,5824625,6437470,6993183,7199605,7719071,8474923,9282554,9541867,9984572,10006670,9861100,9874656,10096010,10502930,10707220,NA,China,Upper middle income,CO2 emissions (kt)
China,NY.GDP.MKTP.KD.ZG,8.490093406,8.335733478,9.13363079,10.03803048,10.11362138,11.39459181,12.72095567,14.23086093,9.650678919,9.398725633,10.63587106,9.550832179,7.863736449,7.766150098,7.425763656,7.041328879,6.848762205,6.947200793,6.749773833,5.950500754,2.239701857,China,Upper middle income,GDP growth (annual %)
China,FP.CPI.TOTL.ZG,0.347811227,0.719125609,-0.731970902,1.127603487,3.824637431,1.776414077,1.649430995,4.816767674,5.92525137,-0.728165251,3.175324753,5.553898923,2.619524326,2.621050017,1.921641628,1.437023809,2.000001822,1.593136001,2.0747904,2.899234164,2.419421895,China,Upper middle income,"Inflation, consumer prices (annual %)"
China,SP.POP.TOTL,1262645000,1271850000,1280400000,1288400000,1296075000,1303720000,1311020000,1317885000,1324655000,1331260000,1337705000,1345035000,1354190000,1363240000,1371860000,1379860000,1387790000,1396215000,1402760000,1407745000,1411100000,China,Upper middle income,"Population, total"
China,SL.UEM.TOTL.ZS,3.26,3.8,4.24,4.58,4.49,4.52,4.43,4.35,4.59,4.72,4.53,4.55,4.58,4.6,4.63,4.65,4.56,4.47,4.31,4.56,5,China,Upper middle income,"Unemployment, total (% of total labor force) (modeled ILO estimate)"
Croatia,EN.ATM.CO2E.KT,18040.4,19203,20281.7,21613.9,21099.7,21453,21605.3,22879,21731.3,20308.9,19460.3,19031.6,17409,17010.6,16236.4,16602.3,16876.8,17407.9,16433.4,16523.3,NA,European Union,High income,CO2 emissions (kt)
Croatia,NY.GDP.MKTP.KD.ZG,2.864066947,3.074727625,5.763535148,5.563735935,4.154144175,4.262862934,4.886938071,5.00111243,2.001864021,-7.193444759,-1.223779482,-0.086613779,-2.331661645,-0.397827665,-0.429360586,2.522292277,3.559359482,3.412467822,2.800676199,3.42100553,-8.580343021,European Union,High income,GDP growth (annual %)
Croatia,FP.CPI.TOTL.ZG,4.611315547,3.776702467,1.671784374,1.767337808,2.055396791,3.317178244,3.189825915,2.899282756,6.076968388,2.378528459,1.030555053,2.272727273,3.412073491,2.216582064,-0.21519616,-0.464499005,-1.125,1.129372103,1.50012501,0.771820346,0.154811375,European Union,High income,"Inflation, consumer prices (annual %)"
Croatia,SP.POP.TOTL,4468302,4299642,4302174,4303399,4304600,4310145,4311159,4310217,4309705,4305181,4295427,4280622,4267558,4255689,4238389,4203604,4174349,4124531,4087843,4065253,4047680,European Union,High income,"Population, total"
Croatia,SL.UEM.TOTL.ZS,16.06,15.82,15.05,13.92,13.66,12.6,11.13,9.91,8.53,9.2,11.62,13.68,15.93,17.25,17.29,16.18,13.1,11.21,8.43,6.62,7.51,European Union,High income,"Unemployment, total (% of total labor force) (modeled ILO estimate)"
Denmark,EN.ATM.CO2E.KT,52601.8,54245.2,53839.5,59233.8,53727.3,50201.7,58133.9,53411.3,50127.5,47933.4,48124.7,43097.9,38216.1,39960.6,35819.6,33695.4,35321.7,33132.2,33131.2,29696.2,NA,European Union,High income,CO2 emissions (kt)
Denmark,NY.GDP.MKTP.KD.ZG,3.746862595,0.823152998,0.466345571,0.390058556,2.668219267,2.336641308,3.913007978,0.909238928,-0.512016745,-4.90654773,1.870991147,1.336777767,0.226499792,0.933340972,1.619393811,2.342591108,3.245956985,2.821736341,1.989537315,1.493486959,-1.994607569,European Union,High income,GDP growth (annual %)
Denmark,FP.CPI.TOTL.ZG,2.903282032,2.337870003,2.424436612,2.075078206,1.154356931,1.817814583,1.924221385,1.693265862,3.416267943,1.30470991,2.31092437,2.758682261,2.397914857,0.78907178,0.56402054,0.452034154,0.25,1.14713217,0.813609467,0.758131573,0.420711974,European Union,High income,"Inflation, consumer prices (annual %)"
Denmark,SP.POP.TOTL,5339616,5358783,5375931,5390574,5404523,5419432,5437272,5461438,5493621,5523095,5547683,5570572,5591572,5614932,5643475,5683483,5728010,5764980,5793636,5814422,5831404,European Union,High income,"Population, total"
Denmark,SL.UEM.TOTL.ZS,4.48,4.16,4.27,5.4,5.2,4.83,3.9,3.8,3.68,6.41,7.75,7.77,7.8,7.38,6.93,6.28,5.99,5.83,5.13,5.02,5.64,European Union,High income,"Unemployment, total (% of total labor force) (modeled ILO estimate)"
Estonia,EN.ATM.CO2E.KT,14916.5,15384.1,14952.7,16938.3,17023.1,17232.8,15983.9,19982.2,18398.1,15046.1,18997,18170.8,16886.7,19316.5,17939.4,15538.3,15990.5,16707.7,15324.3,10175.4,NA,European Union,High income,CO2 emissions (kt)
Estonia,NY.GDP.MKTP.KD.ZG,10.08763444,6.003674251,6.77136793,7.600265185,6.804007771,9.526426972,9.76558337,7.57914052,-5.132000958,-14.62905503,2.444265118,7.263084581,3.228200494,1.458428636,3.011366587,1.853020046,3.155564814,5.792044675,3.78420085,3.739706682,-0.551001258,European Union,High income,GDP growth (annual %)
Estonia,FP.CPI.TOTL.ZG,4.018489525,5.748279817,3.571912702,1.334991165,3.048111075,4.079714232,4.437620424,6.601326031,10.36235803,-0.078408311,2.97204512,4.981901315,3.933399873,2.78056659,-0.106175147,-0.492326007,0.148684908,3.417235495,3.436326884,2.277259312,-0.444531098,European Union,High income,"Inflation, consumer prices (annual %)"
Estonia,SP.POP.TOTL,1396985,1388115,1379350,1370720,1362550,1354775,1346810,1340680,1337090,1334515,1331475,1327439,1322696,1317997,1314545,1315407,1315790,1317384,1321977,1326898,1329522,European Union,High income,"Population, total"
Estonia,SL.UEM.TOTL.ZS,13.36,13.13,10.03,11.29,10.25,8.03,5.91,4.59,5.45,13.55,16.71,12.33,10.02,8.63,7.35,6.41,6.88,5.81,5.41,4.51,6.96,European Union,High income,"Unemployment, total (% of total labor force) (modeled ILO estimate)"
Finland,EN.ATM.CO2E.KT,55097.5,61088.1,63439.7,71708.1,67682.9,55460.2,67024.9,65102.7,56660.1,54180.9,62526.4,55123.4,49408.1,50191.3,46161.7,42815.4,45700.3,43015.4,44581.3,40706.8,NA,European Union,High income,CO2 emissions (kt)
Finland,NY.GDP.MKTP.KD.ZG,5.773362458,2.610019124,1.707148962,2.003784203,3.99209129,2.779850556,4.027409658,5.299336507,0.783995061,-8.074447432,3.185958654,2.547664838,-1.397545728,-0.901696316,-0.364908157,0.543659212,2.811457767,3.19240963,1.139718013,1.224748922,-2.205139373,European Union,High income,GDP growth (annual %)
Finland,FP.CPI.TOTL.ZG,3.042100807,2.578440801,1.571220128,0.877440386,0.187120559,0.62387445,1.566663807,2.510665652,4.065953554,-9.17E-07,1.184135232,3.416807543,2.808336226,1.478286157,1.041196212,-0.20792884,0.356684501,0.754015047,1.083820984,1.02409393,0.290554556,European Union,High income,"Inflation, consumer prices (annual %)"
Finland,SP.POP.TOTL,5176209,5188008,5200598,5213014,5228172,5246096,5266268,5288720,5313399,5338871,5363352,5388272,5413971,5438972,5461512,5479531,5495303,5508214,5515525,5521606,5529543,European Union,High income,"Population, total"
Finland,SL.UEM.TOTL.ZS,11.13,10.29,10.42,10.47,10.36,8.38,7.72,6.85,6.37,8.25,8.39,7.78,7.69,8.19,8.66,9.38,8.82,8.64,7.36,6.69,7.76,European Union,High income,"Unemployment, total (% of total labor force) (modeled ILO estimate)"
France,EN.ATM.CO2E.KT,373116.8,376727.3,371018.2,376705.7,377785.5,380655.1,371547,362828.2,357990.2,343733.5,347778.1,335139.7,338418.6,338555.7,306100.5,311300.8,313921.8,317828.8,307049.9,300515.6,NA,France,High income,CO2 emissions (kt)
France,NY.GDP.MKTP.KD.ZG,3.923669227,1.983721419,1.135531482,0.823160757,2.829752929,1.66321998,2.449323601,2.424736243,0.25494596,-2.873313828,1.949437623,2.192700633,0.313134751,0.576326675,0.956183052,1.112912341,1.095464404,2.291419994,1.865066071,1.842971814,-7.784586492,France,High income,GDP growth (annual %)
France,FP.CPI.TOTL.ZG,1.675959887,1.634780795,1.923412287,2.098472191,2.142089646,1.745869364,1.675124496,1.48799806,2.812861949,0.087620478,1.531122704,2.111597952,1.954195316,0.863715498,0.507758823,0.037514381,0.183334861,1.032282751,1.850815083,1.108254923,0.476498853,France,High income,"Inflation, consumer prices (annual %)"
France,SP.POP.TOTL,60921384,61367388,61816234,62256970,62716306,63188395,63628261,64021737,64379696,64710879,65030575,65345233,65662240,66002289,66312067,66548272,66724104,66918020,67158348,67388001,67571107,France,High income,"Population, total"
France,SL.UEM.TOTL.ZS,10.22,8.61,8.7,8.31,8.91,8.49,8.45,7.66,7.06,8.74,8.87,8.81,9.4,9.92,10.29,10.35,10.05,9.41,9.02,8.41,8.01,France,High income,"Unemployment, total (% of total labor force) (modeled ILO estimate)"
Germany,EN.ATM.CO2E.KT,830284.1,847678.2,833382.2,836794.5,821073.6,802383.2,814413.1,783803,789690.4,734805.5,773069.1,746477.3,760127.7,776151.8,736011.7,742314.4,747147.2,732204.2,707700.7,657401,NA,Germany,High income,CO2 emissions (kt)
Germany,NY.GDP.MKTP.KD.ZG,2.912502964,1.681468481,-0.197973835,-0.700116686,1.175088132,0.731707164,3.816441913,2.976455131,0.959879134,-5.693836336,4.179882499,3.925192705,0.418497594,0.437591303,2.209543431,1.491931528,2.229999868,2.680231114,0.981232606,1.056603898,-3.696788705,Germany,High income,GDP growth (annual %)
Germany,FP.CPI.TOTL.ZG,1.440268387,1.983857313,1.420806156,1.034222186,1.665736967,1.546911148,1.577426428,2.298344007,2.628379816,0.312739007,1.103810378,2.075172837,2.008488848,1.504723303,0.906794,0.514426137,0.491747008,1.509494851,1.732168798,1.445659769,0.144877926,Germany,High income,"Inflation, consumer prices (annual %)"
Germany,SP.POP.TOTL,82211508,82349925,82488495,82534176,82516260,82469422,82376451,82266372,82110097,81902307,81776930,80274983,80425823,80645605,80982500,81686611,82348669,82657002,82905782,83092962,83160871,Germany,High income,"Population, total"
Germany,SL.UEM.TOTL.ZS,7.92,7.77,8.48,9.78,10.73,11.17,10.25,8.66,7.52,7.74,6.97,5.82,5.38,5.23,4.98,4.62,4.12,3.75,3.38,3.14,3.86,Germany,High income,"Unemployment, total (% of total labor force) (modeled ILO estimate)"
Greece,EN.ATM.CO2E.KT,94460.6,96607.8,96596.2,100216.6,99844.6,101947.3,100702.8,104309.9,100405.6,94740.2,87578.5,84547.2,80085.3,72484.2,69548.7,68010.2,66848.6,66795.5,65021.2,59996.8,NA,European Union,High income,CO2 emissions (kt)
Greece,NY.GDP.MKTP.KD.ZG,3.919770717,4.131612253,3.922871653,5.794531473,5.060992204,0.599142189,5.652433622,3.273746904,-0.335172342,-4.300733673,-5.478217742,-10.14931483,-7.086696786,-2.515997222,0.475695947,-0.19608763,-0.487173294,1.09214912,1.668428636,1.884341785,-9.004043642,European Union,High income,GDP growth (annual %)
Greece,FP.CPI.TOTL.ZG,3.151181625,3.373968322,3.629358719,3.530650278,2.898848108,3.545072733,3.195946841,2.895003215,4.152797081,1.210072692,4.712989078,3.329853234,1.501526962,-0.921269454,-1.312260964,-1.735888048,-0.825653978,1.12125452,0.625621413,0.253007522,-1.247983556,European Union,High income,"Inflation, consumer prices (annual %)"
Greece,SP.POP.TOTL,10805808,10862132,10902022,10928070,10955141,10987314,11020362,11048473,11077841,11107017,11121341,11104899,11045011,10965211,10892413,10820883,10775971,10754679,10732882,10721582,10698599,European Union,High income,"Population, total"
Greece,SL.UEM.TOTL.ZS,11.24,10.46,9.98,9.41,10.31,9.99,9.01,8.4,7.76,9.62,12.71,17.86,24.44,27.47,26.49,24.9,23.54,21.49,19.29,17.31,16.31,European Union,High income,"Unemployment, total (% of total labor force) (modeled ILO estimate)"
Hungary,EN.ATM.CO2E.KT,54633.3,56280.4,55599.9,58186.9,56349.8,55921.2,55457.5,53850.4,53014.2,47839.1,47880.5,46907.3,43427.2,40762.6,40625.2,43384.1,44248.4,46435.2,46396,46382.3,NA,European Union,High income,CO2 emissions (kt)
Hungary,NY.GDP.MKTP.KD.ZG,4.479194732,4.074088033,4.741286546,4.074249746,5.004620692,4.29427761,3.94606688,0.277372772,1.003943029,-6.597867219,1.076254043,1.866837475,-1.250226023,1.802522101,4.232209806,3.707315979,2.201001893,4.271976016,5.362332259,4.85779236,-4.547263823,European Union,High income,GDP growth (annual %)
Hungary,FP.CPI.TOTL.ZG,9.803610169,9.116809117,5.265448216,4.661016949,6.744346796,3.561517114,3.930326038,7.958745165,6.042512539,4.211711712,4.855557957,3.929920989,5.652145171,1.73319985,-0.227566271,-0.06164468,0.394769307,2.348242812,2.850247926,3.338586354,3.326743858,European Union,High income,"Inflation, consumer prices (annual %)"
Hungary,SP.POP.TOTL,10210971,10187576,10158608,10129552,10107146,10087065,10071370,10055780,10038188,10022650,10000023,9971727,9920362,9893082,9866468,9843028,9814023,9787966,9775564,9771141,9750149,European Union,High income,"Population, total"
Hungary,SL.UEM.TOTL.ZS,6.56,5.67,5.61,5.79,5.83,7.19,7.49,7.41,7.82,10.03,11.17,11.03,11,10.18,7.73,6.81,5.11,4.16,3.71,3.42,4.25,European Union,High income,"Unemployment, total (% of total labor force) (modeled ILO estimate)"
India,EN.ATM.CO2E.KT,937858.7,953537.6,985453.6,1011771,1085667,1136467,1215206,1336737,1424383,1564881,1659983,1756744,1909443,1972430,2147108,2158024,2195249,2320405,2451927,2456301,NA,India,Lower middle income,CO2 emissions (kt)
India,NY.GDP.MKTP.KD.ZG,3.840991157,4.823966264,3.803975321,7.860381476,7.922936613,7.923430621,8.060732573,7.660815065,3.08669806,7.861888833,8.497584702,5.241315001,5.456388753,6.386106401,7.410227605,7.996253786,8.256305502,6.795383419,6.453851345,3.73791852,-6.596080522,India,Lower middle income,GDP growth (annual %)
India,FP.CPI.TOTL.ZG,4.00943591,3.779293122,4.297152039,3.805858995,3.767251735,4.24634362,5.796523376,6.372881356,8.349267049,10.88235294,11.98938992,8.911793365,9.478996914,10.01787847,6.665656719,4.906973441,4.948216341,3.328173375,3.938826467,3.729505735,6.623436776,India,Lower middle income,"Inflation, consumer prices (annual %)"
India,SP.POP.TOTL,1059633675,1078970907,1098313039,1117415123,1136264583,1154638713,1172373788,1189691809,1206734806,1223640160,1240613620,1257621191,1274487215,1291132063,1307246509,1322866505,1338636340,1354195680,1369003306,1383112050,1396387127,India,Lower middle income,"Population, total"
India,SL.UEM.TOTL.ZS,7.77,7.957,8.102,8.36,8.531,8.7,8.625,8.536,8.354,8.384,8.319,8.168,8.095,8.037,7.981,7.915,7.842,7.733,7.65,6.51,10.195,India,Lower middle income,"Unemployment, total (% of total labor force) (modeled ILO estimate)"
Indonesia,EN.ATM.CO2E.KT,280645.1,302064.2,305642.4,333887.5,341244.7,342147.9,364466.9,379956.5,376137.7,391082.6,415516.5,475314.4,481506.1,447942,483911.9,488548,482508,517323.6,576991.5,619840.7,NA,Indonesia,Lower middle income,CO2 emissions (kt)
Indonesia,NY.GDP.MKTP.KD.ZG,4.920067747,3.643466447,4.499475391,4.780369122,5.030873945,5.692571304,5.500951785,6.345022227,6.0137036,4.628871183,6.223854181,6.169784208,6.030050653,5.557263689,5.006668426,4.8763223,5.033069183,5.069785901,5.17429154,5.01928768,-2.065004941,Indonesia,Lower middle income,GDP growth (annual %)
Indonesia,FP.CPI.TOTL.ZG,3.68861916,11.50011488,11.90011757,6.757317194,6.064059885,10.45319842,13.1086721,6.406562813,10.22666455,4.38641555,5.134204008,5.35604779,4.279499996,6.412513302,6.394925408,6.363121131,3.525805157,3.80879807,3.198346416,3.03058665,1.920968006,Indonesia,Lower middle income,"Inflation, consumer prices (annual %)"
Indonesia,SP.POP.TOTL,214072421,217112437,220115092,223080121,225938595,228805144,231797427,234858289,237936543,240981299,244016173,247099697,250222695,253275918,256229761,259091970,261850182,264498852,267066843,269582878,271857970,Indonesia,Lower middle income,"Population, total"
Indonesia,SL.UEM.TOTL.ZS,6.08,6.08,6.6,6.66,7.3,7.94,7.55,8.06,7.21,6.11,5.61,5.15,4.47,4.34,4.05,4.51,4.3,3.78,4.39,3.59,4.25,Indonesia,Lower middle income,"Unemployment, total (% of total labor force) (modeled ILO estimate)"
Ireland,EN.ATM.CO2E.KT,42533.5,44815.3,43929.8,44086.8,44687.6,46650.5,47263.3,46355.8,45780.1,40564.6,40188.5,36681.3,37127.9,35709.3,35525.3,37063,38824.8,37778.5,37661.7,35750.9,NA,European Union,High income,CO2 emissions (kt)
Ireland,NY.GDP.MKTP.KD.ZG,9.403524642,5.305820912,5.899365761,3.013838079,6.788140204,5.739782169,4.987853473,5.310118147,-4.484070492,-5.095782755,1.682971538,0.833830149,-0.005542011,1.125689646,8.649350608,24.37044535,2.006654115,9.005342424,8.527541391,5.440937334,6.184538039,European Union,High income,GDP growth (annual %)
Ireland,FP.CPI.TOTL.ZG,5.5907173,4.872904873,4.614733277,3.49048968,2.199628507,2.429691984,3.931639895,4.897115644,4.060304951,-4.478103392,-0.922095829,2.557188832,1.696208973,0.508714869,0.182542317,-0.289879079,0.008306338,0.340531561,0.488370168,0.939044481,-0.334584625,European Union,High income,"Inflation, consumer prices (annual %)"
Ireland,SP.POP.TOTL,3805174,3866243,3931947,3996521,4070262,4159914,4273591,4398942,4489544,4535375,4560155,4580084,4599533,4623816,4657740,4701957,4755335,4807388,4867316,4934340,4985382,European Union,High income,"Population, total"
Ireland,SL.UEM.TOTL.ZS,4.32,3.68,4.22,4.48,4.49,4.34,4.41,4.98,6.77,12.61,14.53,15.35,15.45,13.73,11.86,9.91,8.37,6.71,5.74,4.95,5.62,European Union,High income,"Unemployment, total (% of total labor force) (modeled ILO estimate)"
Italy,EN.ATM.CO2E.KT,436296.6,436571.4,443473.1,462197.8,472404.8,473831.8,466654.5,459371.1,444984.5,397057.1,405272.3,396687.4,376747.2,346458.3,327498,337862.1,333344.8,329193.3,324884.2,317238.6,NA,Italy,High income,CO2 emissions (kt)
Italy,NY.GDP.MKTP.KD.ZG,3.786955143,1.951371556,0.253942999,0.138626891,1.423594158,0.817848974,1.790639681,1.48707298,-0.962012841,-5.280937208,1.713295839,0.707333347,-2.980905768,-1.841065451,-0.004547542,0.778304351,1.293462732,1.667859041,0.925810941,0.483198317,-9.039953411,Italy,High income,GDP growth (annual %)
Italy,FP.CPI.TOTL.ZG,2.537685321,2.785165427,2.465323192,2.672555528,2.206736614,1.985292985,2.09084391,1.829741122,3.347832584,0.774768131,1.525516021,2.780632729,3.041363332,1.219993423,0.24104743,0.0387904,-0.094016657,1.226533166,1.137487636,0.611246944,-0.137707574,Italy,High income,"Inflation, consumer prices (annual %)"
Italy,SP.POP.TOTL,56942108,56974100,57059007,57313203,57685327,57969484,58143979,58438310,58826731,59095365,59277417,59379449,59539717,60233948,60789140,60730582,60627498,60536709,60421760,59729081,59438851,Italy,High income,"Population, total"
Italy,SL.UEM.TOTL.ZS,10.83,9.6,9.21,8.87,7.87,7.73,6.78,6.08,6.72,7.75,8.36,8.36,10.65,12.15,12.68,11.9,11.69,11.21,10.61,9.95,9.16,Italy,High income,"Unemployment, total (% of total labor force) (modeled ILO estimate)"
Japan,EN.ATM.CO2E.KT,1182607,1170384,1206595,1214947,1209849,1212821,1189524,1225069,1158222,1100984,1156480,1213515,1253614,1262775,1217119,1179445,1167792,1155235,1116153,1081572,NA,Japan,High income,CO2 emissions (kt)
Japan,NY.GDP.MKTP.KD.ZG,2.764647551,0.386103426,0.041962499,1.535125499,2.186115694,1.803900872,1.372350128,1.483969412,-1.224289001,-5.693236359,4.097917919,0.023809524,1.374750999,2.005100177,0.296205514,1.560626697,0.753826746,1.675331752,0.584068067,-0.240350841,-4.506904542,Japan,High income,GDP growth (annual %)
Japan,FP.CPI.TOTL.ZG,-0.676578684,-0.740055504,-0.923494027,-0.256541816,-0.008573388,-0.282946069,0.249355116,0.060039454,1.380078862,-1.35283673,-0.728243208,-0.272455616,-0.04406451,0.335037912,2.759226714,0.795279631,-0.127258844,0.484199796,0.989094598,0.468776159,-0.024995834,Japan,High income,"Inflation, consumer prices (annual %)"
Japan,SP.POP.TOTL,126843000,127149000,127445000,127718000,127761000,127773000,127854000,128001000,128063000,128047000,128070000,127833000,127629000,127445000,127276000,127141000,127076000,126972000,126811000,126633000,126261000,Japan,High income,"Population, total"
Japan,SL.UEM.TOTL.ZS,4.75,5.02,5.39,5.25,4.73,4.45,4.19,3.89,4,5.07,5.1,4.55,4.36,4.04,3.59,3.39,3.13,2.82,2.47,2.35,2.8,Japan,High income,"Unemployment, total (% of total labor force) (modeled ILO estimate)"
"Korea, Rep.",EN.ATM.CO2E.KT,456657,471532.6,463004.7,465698.9,485909.6,481002.1,487852.1,503693.8,514924.5,526639.5,575215.7,598480.8,600316.3,599601.4,588088.6,607827.1,615882.2,626626.8,630638.3,610788.5,NA,"Korea, Rep.",High income,CO2 emissions (kt)
"Korea, Rep.",NY.GDP.MKTP.KD.ZG,9.060833325,4.852399572,7.725142675,3.147291194,5.197391363,4.308542714,5.264326595,5.799548415,3.012984873,0.79269899,6.804824918,3.685667782,2.402530992,3.164708636,3.202453795,2.809103268,2.946881715,3.15963574,2.907403774,2.24397786,-0.709415359,"Korea, Rep.",High income,GDP growth (annual %)
"Korea, Rep.",FP.CPI.TOTL.ZG,2.259165801,4.066575879,2.762262103,3.514874515,3.590662989,2.753791627,2.242340285,2.534573821,4.673896555,2.756496545,2.939286527,4.025965004,2.187071044,1.301347545,1.274774464,0.706331772,0.97168574,1.944332308,1.47583935,0.383000304,0.537288023,"Korea, Rep.",High income,"Inflation, consumer prices (annual %)"
"Korea, Rep.",SP.POP.TOTL,47008111,47370164,47644736,47892330,48082519,48184561,48438292,48683638,49054708,49307835,49554112,49936638,50199853,50428893,50746659,51014947,51217803,51361911,51585058,51764822,51836239,"Korea, Rep.",High income,"Population, total"
"Korea, Rep.",SL.UEM.TOTL.ZS,4.06,3.7,3.05,3.35,3.42,3.48,3.25,3.01,2.96,3.36,3.32,2.99,2.81,2.75,3.08,3.55,3.65,3.65,3.82,3.75,3.93,"Korea, Rep.",High income,"Unemployment, total (% of total labor force) (modeled ILO estimate)"
Latvia,EN.ATM.CO2E.KT,6929.57,7357.2,7352.2,7593.2,7616.5,7715,8199.9,8531.8,8105.9,7364.1,8518.1,7897.3,7570.7,7452.4,7282.3,7315.9,7145.3,7116.7,7785.2,7569.2,NA,European Union,High income,CO2 emissions (kt)
Latvia,NY.GDP.MKTP.KD.ZG,5.675741312,6.323508159,7.088128657,8.422862207,8.284145978,10.72036596,11.97183569,9.941921628,-3.249120723,-14.26014004,-4.45556726,2.573712363,7.042247161,2.007966879,1.902172684,3.885260054,2.368614747,3.312475936,3.991854505,2.569703888,-2.202985338,European Union,High income,GDP growth (annual %)
Latvia,FP.CPI.TOTL.ZG,2.654254778,2.487040036,1.938875739,2.942647529,6.192385472,6.748450279,6.536199088,10.09297758,15.40231911,3.534106729,-1.08463595,4.370735599,2.257789244,-0.029454778,0.620490637,0.174242244,0.140633335,2.930363124,2.534454242,2.811409201,0.219064905,European Union,High income,"Inflation, consumer prices (annual %)"
Latvia,SP.POP.TOTL,2367550,2337170,2310173,2287955,2263122,2238799,2218357,2200325,2177322,2141669,2097555,2059709,2034319,2012647,1993782,1977527,1959537,1942248,1927174,1913822,1900449,European Union,High income,"Population, total"
Latvia,SL.UEM.TOTL.ZS,14.21,13.82,13.83,12.06,11.71,10.03,7.03,6.05,7.74,17.51,19.48,16.21,15.05,11.87,10.85,9.87,9.64,8.72,7.41,6.31,8.1,European Union,High income,"Unemployment, total (% of total labor force) (modeled ILO estimate)"
Lithuania,EN.ATM.CO2E.KT,10514.2,11153.6,11221.7,11230.6,11914.3,12827.3,13017.3,13208.1,13064.5,11691.3,12603.7,11845.1,11926.5,11329.6,10863.6,11068.6,11202.4,11222,11652.5,11730.3,NA,European Union,High income,CO2 emissions (kt)
Lithuania,NY.GDP.MKTP.KD.ZG,3.695525421,6.526108902,6.751414576,10.56595699,6.569490118,7.732367604,7.414121335,11.10748014,2.614423033,-14.83860837,1.651240653,6.03900816,3.843864749,3.550072843,3.537009879,2.024583955,2.518828273,4.282596951,3.993310328,4.625103139,-0.021762974,European Union,High income,GDP growth (annual %)
Lithuania,FP.CPI.TOTL.ZG,0.981615479,1.367120308,0.28150661,-1.13430855,1.164102521,2.658484841,3.739120041,5.737173828,10.92588562,4.453044565,1.319213621,4.130275626,3.089982771,1.047479371,0.103758009,-0.884097406,0.905525075,3.722888623,2.697927792,2.33450938,1.19989445,European Union,High income,"Inflation, consumer prices (annual %)"
Lithuania,SP.POP.TOTL,3499536,3470818,3443067,3415213,3377075,3322528,3269909,3231294,3198231,3162916,3097282,3028115,2987773,2957689,2932367,2904910,2868231,2828403,2801543,2794137,2794885,European Union,High income,"Population, total"
Lithuania,SL.UEM.TOTL.ZS,15.93,16.84,13.01,12.87,10.68,8.32,5.78,4.25,5.83,13.79,17.81,15.39,13.36,11.77,10.7,9.12,7.86,7.07,6.15,6.26,8.49,European Union,High income,"Unemployment, total (% of total labor force) (modeled ILO estimate)"
Luxembourg,EN.ATM.CO2E.KT,8556.7,9118.5,9818.3,10241.6,11659.8,11912.9,11717.2,11114.4,11022.5,10442.8,11034.9,10903.8,10692.2,10153,9648,9134.2,8853.4,8997.8,9318.1,9489.2,NA,European Union,High income,CO2 emissions (kt)
Luxembourg,NY.GDP.MKTP.KD.ZG,6.938130249,3.074354999,3.2254169,2.619378579,4.231891307,2.482874748,6.016715044,8.098667607,-0.300176194,-3.238954027,3.760413593,1.044298695,1.64990203,3.171790499,2.623086016,2.269784484,4.978190437,1.317187663,1.219321919,2.319925201,-0.797435589,European Union,High income,GDP growth (annual %)
Luxembourg,FP.CPI.TOTL.ZG,3.15076707,2.663821106,2.074086136,2.049840306,2.225679164,2.487696652,2.666314946,2.312458618,3.40187963,0.368041998,2.273679116,3.410683411,2.662841655,1.734039635,0.628543985,0.474743161,0.290833333,1.730799591,1.528195243,1.743320757,0.819957302,European Union,High income,"Inflation, consumer prices (annual %)"
Luxembourg,SP.POP.TOTL,436300,441525,446175,451630,458095,465158,472637,479993,488650,497783,506953,518347,530946,543360,556319,569604,582014,596336,607950,620001,630419,European Union,High income,"Population, total"
Luxembourg,SL.UEM.TOTL.ZS,2.35,1.81,2.62,3.68,5.11,4.49,4.73,4.07,5.06,5.12,4.36,4.9,5.14,5.85,5.85,6.67,6.29,5.52,5.59,5.59,6.77,European Union,High income,"Unemployment, total (% of total labor force) (modeled ILO estimate)"
Malta,EN.ATM.CO2E.KT,2129.2,2489.1,2318.4,2608,2598,2626.4,2650.6,2715.6,2724.3,2509.9,2586.6,2573.1,2715.6,2371.5,2356.3,1657.1,1352.3,1521.2,1552.5,1658.6,NA,European Union,High income,CO2 emissions (kt)
Malta,NY.GDP.MKTP.KD.ZG,19.68179092,-1.174796479,2.565047048,4.074569852,0.139599084,3.383299657,2.510491947,4.775347325,3.825591401,-1.133105988,5.543569377,0.466127625,4.118660982,5.473057917,7.633119335,9.608131222,3.381115768,10.92532923,6.168984106,5.917344507,-8.324283232,European Union,High income,GDP growth (annual %)
Malta,FP.CPI.TOTL.ZG,2.369592875,2.929492443,2.188490481,1.303837774,2.790828481,3.007966525,2.773780065,1.249219238,4.258621719,2.084327461,1.515635136,2.962985282,2.375820578,1.180284364,0.310306472,1.100548264,0.642702772,1.364354482,1.157823625,1.642060018,0.638544957,European Union,High income,"Inflation, consumer prices (annual %)"
Malta,SP.POP.TOTL,390087,393028,395969,398582,401268,403834,405308,406724,409379,412477,414508,416268,420028,425967,434558,445053,455356,467999,484630,504062,515332,European Union,High income,"Population, total"
Malta,SL.UEM.TOTL.ZS,6.32,7.11,6.9,7.49,7.32,6.92,6.8,6.47,5.98,6.89,6.85,6.38,6.2,6.11,5.73,5.38,4.69,4,3.66,3.62,4.35,European Union,High income,"Unemployment, total (% of total labor force) (modeled ILO estimate)"
Mexico,EN.ATM.CO2E.KT,379176.1,378830.7,386004.7,404692.3,414102.1,432187.5,448302.9,457121.2,459548.3,448372.7,462869.7,478403.7,486454.5,475737.7,462240.4,471632.9,473314.9,471578.7,452567.1,449266.1,NA,Mexico,Upper middle income,CO2 emissions (kt)
Mexico,NY.GDP.MKTP.KD.ZG,4.942453715,-0.404390127,-0.039844481,1.446382684,3.92059081,2.307807066,4.495077894,2.291445714,1.143584587,-5.285744137,5.118118143,3.66300793,3.642322679,1.354091962,2.849773255,3.293151528,2.630532425,2.113129135,2.194994725,-0.199047772,-7.98791234,Mexico,Upper middle income,GDP growth (annual %)
Mexico,FP.CPI.TOTL.ZG,9.491561494,6.367738062,5.030727332,4.546900121,4.688408848,3.988057146,3.629467624,3.966849055,5.124982746,5.297355842,4.156727227,3.407378246,4.111509811,3.806390697,4.018616081,2.72064065,2.821707847,6.04145724,4.899350154,3.635961421,3.396834156,Mexico,Upper middle income,"Inflation, consumer prices (annual %)"
Mexico,SP.POP.TOTL,97873442,99394288,100917081,102429341,103945813,105442402,106886790,108302973,109684489,111049428,112532401,114150481,115755909,117290686,118755887,120149897,121519221,122839258,124013861,125085311,125998302,Mexico,Upper middle income,"Population, total"
Mexico,SL.UEM.TOTL.ZS,2.65,2.63,3,3.46,3.94,3.56,3.57,3.63,3.87,5.36,5.3,5.17,4.89,4.91,4.81,4.31,3.86,3.42,3.27,3.48,4.45,Mexico,Upper middle income,"Unemployment, total (% of total labor force) (modeled ILO estimate)"
Netherlands,EN.ATM.CO2E.KT,162096.7,167116.1,167429.4,170362.8,172116.5,167926,163702.7,164550.6,165221.9,160488.3,171110.5,158768,157473.4,157090.2,149793.4,157410.6,158535.4,155757.8,151363.1,146341,NA,European Union,High income,CO2 emissions (kt)
Netherlands,NY.GDP.MKTP.KD.ZG,4.195642498,2.326955087,0.217273595,0.155645898,1.984945714,2.050876108,3.460988954,3.772842521,2.170324851,-3.666883937,1.342739336,1.551189312,-1.030353991,-0.130175288,1.423395395,1.959169721,2.191713719,2.910902513,2.360915095,1.955588416,-3.886083918,European Union,High income,GDP growth (annual %)
Netherlands,FP.CPI.TOTL.ZG,2.360522338,4.155841272,3.287531047,2.09199839,1.263647392,1.688130179,1.101501065,1.613858598,2.486501983,1.18977687,1.275305696,2.341070178,2.455547653,2.506898527,0.97603508,0.600248147,0.316666667,1.381458714,1.703497947,2.633699102,1.272460378,European Union,High income,"Inflation, consumer prices (annual %)"
Netherlands,SP.POP.TOTL,15925513,16046180,16148929,16225302,16281779,16319868,16346101,16381696,16445593,16530388,16615394,16693074,16754962,16804432,16865008,16939923,17030314,17131296,17231624,17344874,17441500,European Union,High income,"Population, total"
Netherlands,SL.UEM.TOTL.ZS,2.73,2.12,2.55,3.59,4.65,5.87,5,4.15,3.65,4.35,4.99,4.98,5.82,7.24,7.42,6.87,6.01,4.84,3.83,3.38,3.82,European Union,High income,"Unemployment, total (% of total labor force) (modeled ILO estimate)"
Poland,EN.ATM.CO2E.KT,295774.4,293627.4,287320.3,297730.8,301854,301353,314093,313375.4,308325.3,297260.3,313739.1,310593.6,303351.4,298304.4,285730,289077.4,299802.4,312863.9,311910.1,295132.2,NA,European Union,High income,CO2 emissions (kt)
Poland,NY.GDP.MKTP.KD.ZG,4.56098541,1.258569461,2.035863041,3.498391213,4.98284457,3.506834614,6.131136459,7.061534634,4.199981264,2.832184053,2.934638181,5.042187883,1.545221571,0.856557081,3.836958494,4.383298635,2.953508842,5.140017574,5.945208477,4.449987879,-2.020070734,European Union,High income,GDP growth (annual %)
Poland,FP.CPI.TOTL.ZG,9.900175388,5.408335456,1.90528215,0.682701376,3.382646819,2.183798724,1.284693944,2.458743124,4.164971935,3.795392425,2.580693703,4.239401496,3.560371517,0.991982606,0.053821313,-0.874125874,-0.664767331,2.075935537,1.812951565,2.227478809,3.374469726,European Union,High income,"Inflation, consumer prices (annual %)"
Poland,SP.POP.TOTL,38258629,38248076,38230364,38204570,38182222,38165445,38141267,38120560,38125759,38151603,38042794,38063255,38063164,38040196,38011735,37986412,37970087,37974826,37974750,37965475,37899070,European Union,High income,"Population, total"
Poland,SL.UEM.TOTL.ZS,16.31,18.37,19.89,19.37,19.07,17.75,13.84,9.6,7.12,8.17,9.64,9.63,10.09,10.33,8.99,7.5,6.16,4.89,3.85,3.28,3.16,European Union,High income,"Unemployment, total (% of total labor force) (modeled ILO estimate)"
Portugal,EN.ATM.CO2E.KT,61661.2,61383.6,65604.9,60523.6,62128.8,65473.8,60448,58797.6,56844.4,56299.6,50937.3,49867.9,48220.3,46555.2,45931.1,49851.9,48757.4,53331,49504.6,44638.6,NA,European Union,High income,CO2 emissions (kt)
Portugal,NY.GDP.MKTP.KD.ZG,3.816178063,1.943672296,0.770924024,-0.930521193,1.788735682,0.781848216,1.625034176,2.506579646,0.319247925,-3.12207942,1.737625476,-1.696164781,-4.057293608,-0.922644675,0.792190302,1.792046046,2.019485396,3.506345285,2.849325934,2.682759921,-8.300516042,European Union,High income,GDP growth (annual %)
Portugal,FP.CPI.TOTL.ZG,2.853030393,4.369903306,3.600346583,3.218990907,2.365362041,2.277163949,3.107665459,2.453965281,2.588506577,-0.835530022,1.402572899,3.653011004,2.773338541,0.274416667,-0.278153367,0.487938624,0.607397075,1.368614116,0.993715683,0.33817841,-0.01243833,European Union,High income,"Inflation, consumer prices (annual %)"
Portugal,SP.POP.TOTL,10289898,10362722,10419631,10458821,10483861,10503330,10522288,10542964,10558177,10568247,10573100,10557560,10514844,10457295,10401062,10358076,10325452,10300300,10283822,10286263,10297081,European Union,High income,"Population, total"
Portugal,SL.UEM.TOTL.ZS,3.81,3.83,4.5,6.13,6.32,7.58,7.65,7.97,7.55,9.43,10.77,12.68,15.53,16.19,13.9,12.45,11.07,8.87,6.99,6.46,6.8,European Union,High income,"Unemployment, total (% of total labor force) (modeled ILO estimate)"
Romania,EN.ATM.CO2E.KT,89021.6,95230,93739.2,98144.4,95345.7,94714.2,99260.6,96734.7,95421.4,80711.5,77617.3,84064.9,81847,72093.7,71542.1,73317.5,71588.2,74210.7,75193.7,73948.3,NA,European Union,High income,CO2 emissions (kt)
Romania,NY.GDP.MKTP.KD.ZG,2.461263459,5.218136257,5.70299165,2.341147329,10.42811302,4.668148051,8.028811076,7.233807744,9.307467171,-5.517394408,-3.90123628,4.517086964,1.924993262,0.269963879,4.120674963,3.16050387,2.857546057,8.196506503,6.029019041,3.853163833,-3.677510791,European Union,High income,GDP growth (annual %)
Romania,FP.CPI.TOTL.ZG,45.66659404,34.47701235,22.53988626,15.27348899,11.87436359,9.014912833,6.558514123,4.837329283,7.850802557,5.587420043,6.091416686,5.789253288,3.334922677,3.984712355,1.068309877,-0.594156437,-1.544796668,1.339021211,4.625484431,3.827854326,2.631073112,European Union,High income,"Inflation, consumer prices (annual %)"
Romania,SP.POP.TOTL,22442971,22131970,21730496,21574326,21451748,21319685,21193760,20882982,20537875,20367487,20246871,20147528,20058035,19983693,19908979,19815616,19702267,19588715,19473970,19371648,19265250,European Union,High income,"Population, total"
Romania,SL.UEM.TOTL.ZS,6.97,6.56,8.11,6.95,7.72,7.17,7.27,6.41,5.79,6.86,6.96,7.18,6.79,7.1,6.8,6.81,5.9,4.93,4.19,3.91,5.03,European Union,High income,"Unemployment, total (% of total labor force) (modeled ILO estimate)"
Russian Federation,EN.ATM.CO2E.KT,1563847,1567174,1565336,1609999,1600980,1611984,1654853,1658151,1655193,1546668,1617829,1699085,1675757,1632681,1611961,1592560,1571518,1594551,1661001,1703590,NA,Russian Federation,Upper middle income,CO2 emissions (kt)
Russian Federation,NY.GDP.MKTP.KD.ZG,10.00006682,5.100051225,4.699991909,7.299952345,7.19994787,6.399965448,8.200068255,8.499977768,5.199969265,-7.799993913,4.5,4.300029186,4.024086157,1.755422149,0.736267221,-1.972719226,0.193690072,1.825790064,2.80724541,2.198075714,-2.663757511,Russian Federation,Upper middle income,GDP growth (annual %)
Russian Federation,FP.CPI.TOTL.ZG,20.79876066,21.47700721,15.78873079,13.66329302,10.88861573,12.68530395,9.668654548,9.007298689,14.11076778,11.64732958,6.849392303,8.440464859,5.074743008,6.753710262,7.823411839,15.53440505,7.04244763,3.683329444,2.878297236,4.470366608,3.381659372,Russian Federation,Upper middle income,"Inflation, consumer prices (annual %)"
Russian Federation,SP.POP.TOTL,146596869,145976482,145306497,144648618,144067316,143518814,143049637,142805114,142742366,142785349,142849468,142960908,143201721,143506995,143819667,144096870,144342397,144496739,144477859,144406261,144073139,Russian Federation,Upper middle income,"Population, total"
Russian Federation,SL.UEM.TOTL.ZS,10.58,8.98,7.88,8.21,7.76,7.12,7.06,6,6.21,8.3,7.37,6.54,5.44,5.46,5.16,5.57,5.56,5.21,4.85,4.5,5.59,Russian Federation,Upper middle income,"Unemployment, total (% of total labor force) (modeled ILO estimate)"
Saudi Arabia,EN.ATM.CO2E.KT,249656.5,254085.8,272252.7,284830.1,299891,315294.9,335436.2,354619.4,389715.4,406528.6,446133.4,463765.6,492468.1,503214.7,540521.2,565191.2,561230.9,545070.8,521256.8,523778.5,NA,Saudi Arabia,High income,CO2 emissions (kt)
Saudi Arabia,NY.GDP.MKTP.KD.ZG,5.625416143,-1.210743863,-2.819174404,11.24206139,7.958441664,5.573850121,2.788402228,1.847130252,6.249772755,-2.05924919,5.039484026,9.996865166,5.41142278,2.699281071,3.652485666,4.106393864,1.670664257,-0.741528418,2.5141658,0.333780755,-4.137670376,Saudi Arabia,High income,GDP growth (annual %)
Saudi Arabia,FP.CPI.TOTL.ZG,-1.124994779,-1.120944775,0.247186514,0.612194395,0.515506767,0.479230398,2.209024079,4.167823301,9.870247913,5.057223147,5.339416806,5.826216088,2.866268875,3.532524707,2.236290315,1.206073222,2.068840361,-0.83819458,2.45814158,-2.093333333,3.44545826,Saudi Arabia,High income,"Inflation, consumer prices (annual %)"
Saudi Arabia,SP.POP.TOTL,21547390,22085929,22623415,23150847,23661808,24397644,25382870,26400068,27437353,28483797,29411929,30150945,30821543,31482498,32125564,32749848,33416270,34193122,35018133,35827362,35997107,Saudi Arabia,High income,"Population, total"
Saudi Arabia,SL.UEM.TOTL.ZS,4.57,4.62,5.27,5.56,5.82,6.05,6.25,5.73,5.08,5.38,5.55,5.77,5.52,5.6,5.72,5.6,5.6,5.89,6.03,5.64,7.45,Saudi Arabia,High income,"Unemployment, total (% of total labor force) (modeled ILO estimate)"
Slovenia,EN.ATM.CO2E.KT,14541.7,15380.1,15524.6,15413,15699.6,15916.5,16293.7,16283.4,17360.1,15509.2,15777.2,15700.8,15123.6,14548.1,13112.7,13139.7,13903,14123.7,14072.9,13599.8,NA,European Union,High income,CO2 emissions (kt)
Slovenia,NY.GDP.MKTP.KD.ZG,3.67237155,3.216560335,3.505598057,2.960260286,4.359192778,3.797972642,5.746396901,6.980160755,3.509841517,-7.548437791,1.343748472,0.861327733,-2.639438757,-1.029282772,2.768158831,2.210081607,3.191852518,4.815380632,4.454365747,3.451079244,-4.321369905,European Union,High income,GDP growth (annual %)
Slovenia,FP.CPI.TOTL.ZG,8.911744187,8.379665875,7.480777707,5.544164218,3.592975942,2.451501323,2.457924442,3.657495633,5.647423806,0.839262247,1.801170221,1.802851719,2.59741386,1.769200859,0.199343827,-0.525552286,-0.054999542,1.429107433,1.73860862,1.630522608,-0.054856816,European Union,High income,"Inflation, consumer prices (annual %)"
Slovenia,SP.POP.TOTL,1988925,1992060,1994530,1995733,1997012,2000474,2006868,2018122,2021316,2039669,2048583,2052843,2057159,2059953,2061980,2063531,2065042,2066388,2073894,2088385,2102419,European Union,High income,"Population, total"
Slovenia,SL.UEM.TOTL.ZS,6.92,5.68,5.92,6.48,6.01,6.51,5.95,4.82,4.37,5.86,7.24,8.17,8.84,10.1,9.67,8.96,8,6.56,5.11,4.45,4.97,European Union,High income,"Unemployment, total (% of total labor force) (modeled ILO estimate)"
South Africa,EN.ATM.CO2E.KT,284662.1,320540.1,331324.8,353090.3,379994.6,377649.3,379787.5,397063.5,426739.7,404199.6,425307,409259.9,426782.7,436923,447927.2,424805,425141.2,435651.8,434345.2,439640,NA,South Africa,Upper middle income,CO2 emissions (kt)
South Africa,NY.GDP.MKTP.KD.ZG,4.200000001,2.7,3.700374404,2.949075468,4.554559907,5.277051973,5.603806459,5.360474054,3.191043886,-1.538089135,3.039732881,3.168556279,2.396232385,2.485468008,1.413826452,1.321862237,0.664552308,1.157946952,1.522329387,0.303453235,-6.342471148,South Africa,Upper middle income,GDP growth (annual %)
South Africa,FP.CPI.TOTL.ZG,5.338951029,5.701900183,9.494710703,5.679417711,-0.692030271,2.062846165,3.243907765,6.177806835,10.07457552,7.215314136,4.089729895,4.99926697,5.724657917,5.784469097,6.129837703,4.540642277,6.571396422,5.184246648,4.517165228,4.12024587,3.210035975,South Africa,Upper middle income,"Inflation, consumer prices (annual %)"
South Africa,SP.POP.TOTL,46813266,47229714,47661514,48104048,48556071,49017147,49491756,49996094,50565812,51170779,51784921,52443325,53145033,53873616,54729551,55876504,56422274,56641209,57339635,58087055,58801927,South Africa,Upper middle income,"Population, total"
South Africa,SL.UEM.TOTL.ZS,20.266,20.217,20.088,20.015,19.866,19.744,19.635,19.543,19.51,20.51,23.18,21.42,21.79,22.04,22.61,22.87,24.02,23.99,24.22,25.54,24.34,South Africa,Upper middle income,"Unemployment, total (% of total labor force) (modeled ILO estimate)"
Spain,EN.ATM.CO2E.KT,293314.3,294786.8,312753.3,318657.7,335560.3,350499.8,341776.3,354683.1,324274.2,287490.3,273254.2,274396.8,269265.6,242805.6,240960.8,256283.1,247033.3,263450.5,257042.8,239977.8,NA,European Union,High income,CO2 emissions (kt)
Spain,NY.GDP.MKTP.KD.ZG,5.245943824,3.933002765,2.730948329,2.981936316,3.122733517,3.652084192,4.102685741,3.604738462,0.887067046,-3.763107042,0.162919518,-0.814384777,-2.958922132,-1.403341868,1.395775367,3.838518877,3.037774142,2.975760729,2.284469419,1.983966223,-11.32543832,European Union,High income,GDP growth (annual %)
Spain,FP.CPI.TOTL.ZG,3.433515634,3.589834133,3.065656859,3.038888394,3.039248811,3.368814098,3.515575768,2.786797458,4.07534336,-0.287813084,1.799864577,3.196101888,2.446127824,1.408581092,-0.151114838,-0.50036571,-0.202598,1.956076334,1.674981369,0.699518994,-0.322753017,European Union,High income,"Inflation, consumer prices (annual %)"
Spain,SP.POP.TOTL,40567864,40850412,41431558,42187645,42921895,43653155,44397319,45226803,45954106,46362946,46576897,46742697,46773055,46620045,46480882,46444832,46484062,46593236,46797754,47134837,47365655,European Union,High income,"Population, total"
Spain,SL.UEM.TOTL.ZS,13.79,10.35,11.15,11.28,11.09,9.15,8.45,8.23,11.25,17.86,19.86,21.39,24.79,26.09,24.44,22.06,19.64,17.22,15.25,14.1,15.53,European Union,High income,"Unemployment, total (% of total labor force) (modeled ILO estimate)"
Sweden,EN.ATM.CO2E.KT,53277.5,52497.3,54023.7,55202.7,53593.3,50206.2,48896.3,47136.3,46149.2,42879.2,48130.9,44578.2,42138.6,40536,39084.6,39192.4,38782.4,38291.8,36013.1,35001.7,NA,European Union,High income,CO2 emissions (kt)
Sweden,NY.GDP.MKTP.KD.ZG,4.766348871,1.449498618,2.196921062,2.30981059,4.336856154,2.85880324,4.662773552,3.439221776,-0.450559257,-4.339790575,5.952107008,3.195333235,-0.588304569,1.187775716,2.657798275,4.489281588,2.070593151,2.567924525,1.950022846,1.986195874,-2.170213179,European Union,High income,GDP growth (annual %)
Sweden,FP.CPI.TOTL.ZG,0.899143734,2.405958341,2.158482136,1.925655349,0.373659829,0.453170853,1.360214686,2.212168834,3.437049106,-0.494460544,1.157988027,2.961150738,0.888377507,-0.04429297,-0.179638494,-0.046784745,0.984269245,1.794499047,1.953535301,1.784150974,0.497367319,European Union,High income,"Inflation, consumer prices (annual %)"
Sweden,SP.POP.TOTL,8872109,8895960,8924958,8958229,8993531,9029572,9080505,9148092,9219637,9298515,9378126,9449213,9519374,9600379,9696110,9799186,9923085,10057698,10175214,10278887,10353442,European Union,High income,"Population, total"
Sweden,SL.UEM.TOTL.ZS,5.47,4.73,4.97,5.55,6.69,7.49,7.07,6.16,6.23,8.35,8.61,7.8,7.98,8.05,7.95,7.43,6.99,6.72,6.36,6.83,8.29,European Union,High income,"Unemployment, total (% of total labor force) (modeled ILO estimate)"
Turkiye,EN.ATM.CO2E.KT,216396.5,197771.1,208107.6,219158.6,224601.2,235003,261083.6,288967.8,287195,287827.2,297114,317721.2,328877.8,318168.6,340641.5,351593.8,374589,415898.2,411731.9,396842.9,NA,Turkiye,Upper middle income,CO2 emissions (kt)
Turkiye,NY.GDP.MKTP.KD.ZG,6.933239705,-5.750006555,6.447722047,5.763206067,9.795936389,8.992304936,6.947988086,5.043507932,0.815024573,-4.823153953,8.427104323,11.20011058,4.788492711,8.485816997,4.939715161,6.084486904,3.323084208,7.501997489,2.979885258,0.783610198,1.940032245,Turkiye,Upper middle income,GDP growth (annual %)
Turkiye,FP.CPI.TOTL.ZG,54.91537058,54.40018876,44.96412095,21.60243845,8.598261681,8.179160368,9.597242123,8.75618091,10.44412838,6.250976631,8.566444206,6.471879671,8.891569965,7.493090305,8.854572714,7.670853648,7.775134153,11.14431108,16.3324639,15.17682157,12.27895745,Turkiye,Upper middle income,"Inflation, consumer prices (annual %)"
Turkiye,SP.POP.TOTL,64113547,65072018,65988663,66867327,67785075,68704715,69601333,70468869,71320726,72225639,73195345,74173854,75277439,76576117,78112073,79646178,81019394,82089826,82809304,83481684,84135428,Turkiye,Upper middle income,"Population, total"
Turkiye,SL.UEM.TOTL.ZS,6.5,8.38,10.36,10.54,10.84,10.64,8.72,8.87,9.71,12.55,10.66,8.8,8.15,8.73,9.88,10.24,10.84,10.82,10.89,13.67,13.11,Turkiye,Upper middle income,"Unemployment, total (% of total labor force) (modeled ILO estimate)"
United Kingdom,EN.ATM.CO2E.KT,530888,545262,530785.7,543036.9,543075.7,540916.8,542060.7,530502.3,515335.5,466492.3,482441.2,445591.6,467780.3,453761.3,415599.3,401078.5,380811.8,367002.4,360734.7,348921.9,NA,United Kingdom,High income,CO2 emissions (kt)
United Kingdom,NY.GDP.MKTP.KD.ZG,4.092653478,2.157428178,1.770765299,3.123053313,2.344971482,2.668337657,2.160405321,2.563460461,-0.154344315,-4.5104856,2.430072895,1.067610914,1.448456757,1.819863375,3.199702626,2.393103184,2.165206211,2.44357047,1.705021022,1.604308648,-11.03085846,United Kingdom,High income,GDP growth (annual %)
United Kingdom,FP.CPI.TOTL.ZG,1.182956242,1.532349603,1.520402459,1.376500385,1.390397567,2.08913649,2.455661664,2.386561508,3.521408563,1.961731736,2.492654725,3.856112447,2.573234797,2.291666667,1.451120163,0.368046842,1.008417368,2.557755776,2.292839903,1.738104601,0.989486704,United Kingdom,High income,"Inflation, consumer prices (annual %)"
United Kingdom,SP.POP.TOTL,58892514,59119673,59370479,59647577,59987905,60401206,60846820,61322463,61806995,62276270,62766365,63258810,63700215,64128273,64602298,65116219,65611593,66058859,66460344,66836327,67081000,United Kingdom,High income,"Population, total"
United Kingdom,SL.UEM.TOTL.ZS,5.56,4.7,5.04,4.81,4.59,4.75,5.35,5.26,5.62,7.54,7.79,8.04,7.88,7.52,6.11,5.3,4.81,4.33,4,3.74,4.472,United Kingdom,High income,"Unemployment, total (% of total labor force) (modeled ILO estimate)"
United States,EN.ATM.CO2E.KT,5775808,5748263,5593026,5658993,5738287,5753494,5653082,5736320,5558380,5156427,5392112,5173595,4956058,5092102,5107214,4990709,4894503,4819370,4975307,4817719,NA,United States,High income,CO2 emissions (kt)
United States,NY.GDP.MKTP.KD.ZG,4.077159479,0.954338729,1.695942923,2.796209101,3.852552601,3.48322032,2.782810626,2.010507552,0.122188443,-2.599888351,2.708856694,1.54989495,2.280687603,1.841875395,2.287775933,2.706369582,1.667472076,2.241921216,2.945384831,2.294439078,-2.767802511,United States,High income,GDP growth (annual %)
United States,FP.CPI.TOTL.ZG,3.376857271,2.826171119,1.586031627,2.270094973,2.677236693,3.392746845,3.225944101,2.852672482,3.839100297,-0.355546266,1.640043442,3.156841569,2.069337265,1.464832656,1.622222977,0.118627136,1.261583206,2.130110004,2.442583297,1.812210075,1.233584396,United States,High income,"Inflation, consumer prices (annual %)"
United States,SP.POP.TOTL,282162411,284968955,287625193,290107933,292805298,295516599,298379912,301231207,304093966,306771529,309327143,311583481,313877662,316059947,318386329,320738994,323071755,325122128,326838199,328329953,331501080,United States,High income,"Population, total"
United States,SL.UEM.TOTL.ZS,3.99,4.73,5.78,5.99,5.53,5.08,4.62,4.62,5.78,9.25,9.63,8.95,8.07,7.37,6.17,5.28,4.87,4.36,3.9,3.67,8.05,United States,High income,"Unemployment, total (% of total labor force) (modeled ILO estimate)"
NA,GC.DOD.TOTL.GD.ZS,NA,NA,NA,NA,NA,NA,NA,NA,NA,NA,NA,NA,NA,NA,NA,NA,NA,NA,NA,NA,NA,NA,NA,"Central government debt, total (% of GDP)"
